name,dob
Liam Anderson,1985-03-14
Sophia Martinez,1990-07-22
Noah Williams,1978-11-03
Emma Johnson,1992-05-17
Oliver Brown,1988-09-28
Ava Davis,1995-01-10
Elijah Garcia,1983-06-05
Isabella Rodriguez,1991-12-30
James Wilson,1976-04-19
Mia Thomas,1994-08-11
Benjamin Taylor,1987-02-25
Charlotte Moore,1993-10-07
Lucas Jackson,1980-01-16
Amelia White,1989-03-21
Henry Harris,1986-07-09
Evelyn Clark,1996-11-14
Alexander Lewis,1982-08-30
Harper Robinson,1991-04-02
Daniel Walker,1977-12-18
Abigail Hall,1994-06-23
Michael Allen,1984-09-07
Emily Young,1990-02-14
Sebastian King,1979-05-28
Elizabeth Wright,1993-07-11
Matthew Scott,1988-01-03
Sofia Green,1995-10-19
David Baker,1981-11-25
Aria Adams,1992-03-08
Joseph Nelson,1985-08-16
Camila Hill,1997-04-27
Samuel Carter,1983-12-02
Scarlett Mitchell,1990-09-15
Jack Perez,1978-06-21
Victoria Roberts,1994-01-30
Owen Turner,1986-04-12
Luna Phillips,1991-07-05
Ryan Campbell,1980-10-23
Chloe Parker,1993-02-18
Nathan Evans,1987-05-09
Penelope Edwards,1996-08-27
Christian Collins,1982-03-31
Grace Stewart,1989-11-08
Dylan Sanchez,1977-07-14
Layla Morris,1994-04-22
Isaac Rogers,1984-01-06
Zoey Reed,1991-09-29
Gabriel Cook,1979-12-11
Hannah Morgan,1993-06-03
Anthony Bell,1988-02-20
Nora Murphy,1995-05-15
Andrew Bailey,1981-08-07
Lily Rivera,1990-11-24
Joshua Cooper,1976-03-17
Eleanor Richardson,1994-10-01
Levi Cox,1985-07-26
Hazel Howard,1992-01-13
Christopher Ward,1983-04-08
Violet Torres,1997-06-19
Adrian Peterson,1980-09-14
Stella Gray,1991-02-06
Thomas Ramirez,1978-11-22
Zoe James,1993-08-30
Jackson Watson,1986-05-03
Audrey Brooks,1989-12-17
Leo Kelly,1982-07-21
Savannah Sanders,1995-03-04
Caleb Price,1984-10-28
Bella Bennett,1990-04-16
Jayden Wood,1977-01-09
Claire Barnes,1994-07-25
Lincoln Ross,1985-11-12
Madeline Henderson,1992-06-08
Asher Coleman,1979-02-27
Ruby Jenkins,1993-09-20
Ezra Perry,1988-12-05
Paisley Powell,1996-03-18
